{"cameraMode":{"drawMode":0,"name":"Shaded","section":"Shading Mode"},"sceneLighting":false,"audioPlay":false,"sceneViewState":{"showFog":false,"showMaterialUpdate":false,"showSkybox":false,"showFlares":false,"showImageEffects":false,"showParticleSystems":false},"in2DMode":false,"pivot":{"x":0.2641310393810272,"y":3.708474636077881,"z":3.6700000762939455},"rotation":{"x":0.07576970756053925,"y":-0.833878219127655,"z":0.11835970729589462,"w":0.5337813496589661},"size":2.667147636413574,"orthographic":false}