{"cameraMode":{"drawMode":0,"name":"Shaded","section":"Shading Mode"},"sceneLighting":false,"audioPlay":false,"sceneViewState":{"showFog":false,"showMaterialUpdate":false,"showSkybox":false,"showFlares":false,"showImageEffects":false,"showParticleSystems":false},"in2DMode":false,"pivot":{"x":-1.7597469091415406,"y":2.1693594455718996,"z":0.6907176971435547},"rotation":{"x":0.22139480710029603,"y":-0.6942923069000244,"z":0.23960748314857484,"w":0.6415331363677979},"size":20.667129516601564,"orthographic":false}