{"cameraMode":{"drawMode":0,"name":"Shaded","section":"Shading Mode"},"sceneLighting":true,"audioPlay":false,"sceneViewState":{"showFog":false,"showMaterialUpdate":false,"showSkybox":false,"showFlares":false,"showImageEffects":false,"showParticleSystems":false},"in2DMode":false,"pivot":{"x":704.5441284179688,"y":-598.4578857421875,"z":-496.65155029296877},"rotation":{"x":-0.14690890908241273,"y":-0.8373392820358276,"z":0.2731136083602905,"w":-0.45026645064353945},"size":543.37060546875,"orthographic":false}