{"cameraMode":{"drawMode":0,"name":"Shaded","section":"Shading Mode"},"sceneLighting":false,"audioPlay":false,"sceneViewState":{"showFog":false,"showMaterialUpdate":false,"showSkybox":false,"showFlares":false,"showImageEffects":false,"showParticleSystems":false},"in2DMode":false,"pivot":{"x":3.3814969062805177,"y":4.194338798522949,"z":6.8605146408081059},"rotation":{"x":-0.08491317927837372,"y":0.8247259855270386,"z":-0.1287057250738144,"w":-0.5441137552261353},"size":5.151062488555908,"orthographic":false}