{"cameraMode":{"drawMode":0,"name":"Shaded","section":"Shading Mode"},"sceneLighting":false,"audioPlay":false,"sceneViewState":{"showFog":false,"showMaterialUpdate":false,"showSkybox":false,"showFlares":false,"showImageEffects":false,"showParticleSystems":false},"in2DMode":false,"pivot":{"x":-46.709999084472659,"y":20.729999542236329,"z":-21.110000610351564},"rotation":{"x":-0.29223674535751345,"y":-0.7003751993179321,"z":0.39573153853416445,"w":-0.5172022581100464},"size":27.67106056213379,"orthographic":false}