{"cameraMode":{"drawMode":0,"name":"Shaded","section":"Shading Mode"},"sceneLighting":false,"audioPlay":false,"sceneViewState":{"showFog":false,"showMaterialUpdate":false,"showSkybox":false,"showFlares":false,"showImageEffects":false,"showParticleSystems":false},"in2DMode":false,"pivot":{"x":-0.4909830689430237,"y":1.1982508897781373,"z":0.07521699368953705},"rotation":{"x":0.1770762801170349,"y":-0.7045109272003174,"z":0.18878163397312165,"w":0.6608375906944275},"size":16.198043823242189,"orthographic":false}