{"cameraMode":{"drawMode":0,"name":"Shaded","section":"Shading Mode"},"sceneLighting":false,"audioPlay":false,"sceneViewState":{"showFog":false,"showMaterialUpdate":false,"showSkybox":false,"showFlares":false,"showImageEffects":false,"showParticleSystems":false},"in2DMode":false,"pivot":{"x":-0.0074530839920043949,"y":0.2716979682445526,"z":-0.3085430860519409},"rotation":{"x":0.3243357837200165,"y":0.003131263656541705,"z":-0.0010735158575698734,"w":0.9459414482116699},"size":3.488414764404297,"orthographic":false}